dx,dz
0.21143001125857155,1.0
0.025350673323509435,0.19530664636312411
0.000647478241572558,0.026417320832877032
6.936967448556024e-06,0.0004351726191029728
1.4031728271507888e-09,9.073931766659937e-08
