dx,dz
2.333717608324267,1.0
1.736443044324143,0.11245092286221556
0.2009730702932759,0.029115206010108672
0.00023575754695516132,8.564114055267211e-05
4.644495523786005e-10,5.956551901838998e-10
