dx,dz
0.21004036141216798,1.0
0.02500461145386535,0.12909084241725372
0.000625455023252461,0.017142158184348517
6.043261034951069e-06,0.00024559443159549027
1.0347497854989224e-09,4.3588954107320324e-08
