dx,dz
0.20851804508725733,1.0
0.024124551627672165,0.08389871491534832
0.00035446322922271824,0.0032061430927955038
1.7379552391863e-07,2.26821053366727e-06
6.17437012258583e-13,3.1474839881498725e-12
