dx,dz
0.21251532695056186,1.0
0.024095324279810267,0.08777852508262927
0.00036690493182676824,0.004792095187631428
2.682149732892861e-07,1.0857890755353497e-05
