dx,dz
2.7415109873929357,1.0
0.8079618456567792,0.1512237520222152
0.0393655503470218,0.00986448829634309
5.8686887503411054e-05,1.687903114299764e-05
3.032788028043833e-10,1.9079396222566815e-10
