dx,dz
0.20950219101425493,1.0
0.02468953719979941,0.10232366475540768
0.00045739502963943455,0.006279422734915794
1.0849515300929567e-06,2.222759176142573e-05
1.6233155747909947e-11,3.508094889865483e-10
