dx,dz
0.21586824154856962,1.0
0.018441402375702493,0.055604718080983835
0.0001883459020508471,0.0008107171991200844
1.1582545292076865e-08,3.872398598842735e-07
1.8057136373885615e-12,3.7557364883891964e-12
