dx,dz
6.442617149871992,1.0
2.25008761619359,0.267935313300277
0.1771509113486102,0.032800829184665835
0.0008377966663653751,0.00010877965574984491
1.7718949747227212e-08,1.2498976511060949e-08
