dx,dz
1.5260507424341763,1.0
0.4034765586812759,0.11032213786919554
0.012981045162404888,0.003692044001202395
7.832105808144983e-06,4.204431765048072e-06
