dx,dz
1.4748916933777079,1.0
0.2946041689066505,0.05985387430194185
0.010341975338523096,0.0021976302290084744
1.1550346226806113e-06,3.5035781885618736e-07
