dx,dz
16.39587766428006,1.0
2.978945700311035,0.45024779789871355
1.551259245684984,0.021364636266252367
0.08697786707959089,0.007881206271344534
5.673017053207995e-06,2.7371058853614316e-07
7.539129344710261e-12,5.858402430428452e-13
