dx,dz
0.20899307573617196,1.0
0.024354293532548227,0.09079253344649699
0.0003920131571652608,0.0040768831270726865
3.639819083151151e-07,5.1601526964649725e-06
