dx,dz
0.21400779954769567,1.0
0.021816458584908136,0.065206856819495
0.0002774375616144954,0.001758236422584844
3.659383950024417e-08,1.536650434554505e-06
