dx,dz
8.311112454127663,1.0
5.899694950158953,0.42291396145847066
1.7552215811398644,0.1138290833029658
0.015008599698237696,0.0032344216960536456
3.7383879054794657e-06,7.844063214758754e-07
6.986508639773233e-12,3.8934618993853165e-12
