dx,dz
2.3337230159338813,1.0
1.7364586494732042,0.10868670314835989
0.20097606403816462,0.02820028719138888
0.0002357615302953889,8.294096998378097e-05
4.659179350214071e-10,5.768494978705375e-10
