dx,dz
0.21251531774933108,1.0
0.024095305242466232,0.0906205140237519
0.0003669043500990264,0.004975234762771763
2.682065134478654e-07,1.1359651361937964e-05
8.987448042436085e-13,4.5674684520659465e-11
