dx,dz
1.5021614468277478,1.0
0.7308462124780992,0.06771249709144474
0.04653950675451156,0.008927625132818619
1.7533399700178652e-05,5.062128556935922e-06
3.362318279710311e-12,1.8444568435354936e-12
