dx,dz
1.1426852750202103,0.9181694638892016
0.5569514761841051,0.090018772820863
0.04650218120821893,0.16457687294565715
0.020098903373702084,0.1374474479969736
0.019791036091068956,0.14906533714586234
0.0030868586578311577,0.036773238750412496
0.0001283430742384809,0.0013622083486380943
3.127302602866653e-07,1.946818344533696e-06
1.0246571738653376e-12,3.7519987117207165e-12
3.585891953014961e-15,7.979727989493313e-15
