dx,dz
1.337682963682782,1.0
0.4810290172950096,0.1490346208271771
0.3949041570432191,0.04407505564592074
0.014259165784164416,0.022952699816569118
0.0001305177802619731,8.752493605607762e-05
6.184636889743049e-09,4.336090169672819e-09
