dx,dz
7.18548372331148,1.0
2.5235815735446385,1.105838041225587
2.398575461440676,0.15668546524932858
0.6784387689767635,0.2162760778616724
0.16075006392040114,0.015491095607900284
0.06889469856682966,0.0027375350248652745
0.0004969045301809903,0.00016779061233933542
2.080581163543927e-06,1.6144295269751483e-08
