dx,dz
0.2794235986564283,0.6049174489596512
0.022900143172762396,0.18204716706256807
0.00069357269859849,0.006216964942107772
3.993337190555018e-06,2.9189092954240436e-05
6.889445184668926e-11,6.078479941606929e-10
