dx,dz
1.6164714817640617,1.005668296005552
0.8503399113586642,0.36650676092700407
0.32363662467877014,0.05368045296036138
0.15596240166365904,0.016616741519596797
0.001644833831942774,0.0012865452692012586
1.9550193228941857e-05,2.064283644687137e-06
2.5818411743087775e-11,2.0682899837254354e-11
6.13821446159e-15,4.295175326518574e-15
