dx,dz
3.4337625913401824,1.0
3.970285557349691,0.16679362958645516
1.1732621825513911,0.11049588869026959
0.04674763923619419,0.03262513220802096
0.0045839115467519636,0.0002445487642068776
0.0004391911790155182,1.4957259754346976e-05
4.888945828365477e-06,1.73083479230787e-07
7.73539297439916e-10,2.7701742191458397e-11
