dx,dz
0.11623316849624757,2.564135428120288
0.044269462198927745,0.19905907278340088
0.003648364103036157,0.030545971610369094
0.00018329772922059408,0.001328699562932023
4.2515684297951224e-07,2.9194390496201095e-06
2.2882081168525708e-12,1.48867584925938e-11
