dx,dz
0.3925727548125324,0.8909241363461674
0.08914456948794595,0.09991565963030168
0.0003313662042147697,0.0007034335362536698
2.4175254916855062e-08,5.6006733084590365e-08
2.8889272977710213e-15,8.867906409193438e-15
