dx,dz
2.2175924083727465,1.0
0.7452624666602086,0.6084997485906913
1.0998597631365936,0.0605369651289637
2.981950641788926,0.014153869229290197
1.1683763025710818,0.03845202246850406
2.1909694246831797,0.003640036951372446
1.8093970817401344,0.04970641103741218
0.5081586617545888,0.047771490005486666
0.08969658586910736,0.0612910673618883
0.01608610200725522,0.0007388505464032591
0.0002780306869360696,1.1211571368750024e-05
8.928085908531297e-07,4.10334459522564e-09
