dx,dz
1.6293590586482618,1.4231640291707448
0.8475464198952242,1.5711398663057194
0.6942112297520794,0.8953250009238579
1.1365641843056253,4.090869331844127
0.04570364778325521,0.2340187507929059
0.003058909442720835,0.011816562104052686
1.2681694365278862e-05,4.062466846388446e-05
3.4390360074687873e-10,1.2233274393480542e-09
4.944713955030709e-15,6.293576770843856e-15
