dx,dz
2.0775416825437043,1.0
1.5709458718045968,0.06876774733445419
1.5716626038742691,0.062481829457957286
1.1167998041060894,0.0309824324258008
0.18759001161388875,0.026691577603251606
0.02537463197497515,0.0028758606235992205
0.0008361673806844946,0.00022112930370709775
2.3853042421848705e-05,6.825829728854748e-06
2.477865290725963e-07,8.54107485103047e-08
