dx,dz
0.0643890765073422,0.8395331614108761
0.015733530961529647,0.13760187314708006
0.0012193882784583283,0.01226206598260493
9.49777018138673e-06,7.534009940624031e-05
6.222741720291077e-10,3.715783236657444e-09
