dx,dz
0.5228089885299677,1.0
0.6330999424984166,0.6488916475286652
1.00746161449631,0.5114658752940735
0.2432600030830545,0.0763169781575
0.014589444450272743,0.011362934235547068
3.157584018446588e-05,5.210413360822434e-05
7.431790955641893e-10,7.004410949730964e-10
