dx,dz
0.04432736742457939,2.212857343508591
0.031677118614748624,0.06450597836442329
3.638007722910422e-05,0.00016554974878268958
3.691246845992835e-11,1.0785312642980216e-09
