dx,dz
0.31711015846548524,0.9735220485125525
1.511944071815879,0.5731711892293709
5.628551281761759,5.048474862986184
187.83063905753303,7.503237721895115
120044.19175148623,66.47053565557917
62100906404.566696,16.94661683743243
5.982344860269961e+22,3.9143457574265597
2.2959901271005107e+46,2.3761294839502107
5.889423088406887e+93,1.0788915692570376
9.242854672964367e+187,4.690390674322513
,2.5272957171833985
,
,
,
,
,
,
,
,
,
