dx,dz
3.3313661795558867,1.1466358581466318
3.423356471843611,0.1896354544568304
4.846805513350517,0.08561040395598354
2.7414381158022882,0.09250419932316145
0.19232581029493923,0.17431919280365227
0.37909016618338065,0.03393491198998008
0.004272299456152805,0.006157982813539922
0.000187775169252873,1.615847070737808e-05
1.047625988009815e-09,1.5099304029320137e-09
5.253242770116968e-15,3.4763858458575214e-15
