dx,dz
4.940958301888607,31.79675158934101
0.3534781985103639,9.215177466186894
0.06981010680272928,7.636841708032337
0.03430410726333039,2.474283680363957
0.013786883495793247,0.5589880270294287
0.0024107168695979334,0.06838046729280922
6.391844791590278e-05,0.0016828219068978356
4.445918357504736e-08,1.1609108163668225e-06
3.217984360347011e-14,5.095646127273312e-13
