dx,dz
7.13134831510023,1.0
2.5099824324636817,1.1050896384645126
1.1945803242058355,0.15673426080118727
0.9213411258913137,0.12927996843516845
0.1170049554216913,0.04924884728736375
0.011543478424856523,0.0005483215479688485
0.00011863301603675508,1.1319798035279453e-05
6.316064991137251e-07,3.533119718365844e-10
