dx,dz
3.0313178489925314,1.0
3.7671121838947794,0.16227730099224966
7.050961499869535,0.16085208632219627
2.2774890962014585,0.13228437602069065
68.14668181546942,0.0589396346622641
7.810272298778206,0.13316289343388124
5.629639816242654,0.017113446490204597
2.1910719567188006,0.0718858251238647
12.30121504176244,0.024850737540112303
20.656082098254018,0.03480881239622253
190.56202688982563,0.012290286483585303
2994.5840557163524,0.002566203518337153
