dx,dz
2.354844770687676,1.0
1.5542826782561572,0.46832371543778284
0.2818277545744012,3.6270022651201117
0.062240609259053815,0.24166495597366439
0.006186100746157982,0.07436524321479145
7.799021488757273e-05,0.0011888758163289546
1.0167115829646284e-08,1.805272107526929e-07
