dx,dz
0.1027048638341714,2.4511895593492747
0.013205262361126846,0.10887225952930643
9.686895847043171e-06,8.268125732269205e-05
1.618778822457068e-10,6.177754974245886e-10
4.61774984287807e-16,5.245803791353865e-15
