dx,dz
1.5304852283916548,1.0
2.0943638799398525,0.1827346479334795
2.41217246724909,1.500536396971375
0.39703311638984035,0.2728278660787395
0.5800076864115741,0.2019049722645582
0.03930437358741161,0.021959159284446438
0.006682120241500364,0.0008377822518854476
3.2077791132195814e-06,2.758137417500463e-06
