dx,dz
42.44420397447964,2.564135428120288
23.54243158235037,0.5437704338074711
2.362967810034573,0.4170619466390013
0.2492582720441309,0.05651831628537238
0.00576986804012283,0.000985769887623139
1.9783780866341646e-06,4.174465668416172e-07
2.5346348989457204e-12,6.414313524771842e-14
