dx,dz
0.3504488296571127,1.0
0.04846148899294698,0.05913060253322385
0.003846997966062945,0.0005601849370307217
7.60424249625812e-06,6.383633730580528e-08
