dx,dz
2.4910678688683086,1.0
1.2937600873453305,0.1980831176112195
0.828430209482623,0.25895036854624476
1.0021652324775736,0.049049045778711164
0.17593460256138324,0.03186852929104407
0.0048748089299592455,0.0039422304075433625
2.352549433118528e-05,7.593883086614054e-06
5.442188254438031e-10,5.856203423440853e-10
