dx,dz
2.7275168453136964,1.0
1.420413967416425,0.13654150205289772
0.3793445382406203,0.31902330845699184
0.045710092617786836,0.013391575884539436
0.0028704951280475125,0.00036118026875248815
2.6124004974978506e-06,2.82943819572702e-07
