dx,dz
10.16526365674248,1.0
5.792543194433498,0.5481116455615284
3.687246882536717,0.09181832549341543
1.4678420329505424,0.011022471051086667
0.24508108927493627,0.007651394803162419
0.013478265127967874,0.0007531251429740743
0.00014850766002820102,6.546364860894094e-06
1.4490273051794484e-06,5.769748763825525e-10
