dx,dz
2.521173576051445,1.0
0.8362574405032694,0.38158189708100293
0.10325594873581359,0.09112367379052758
0.001022471861061972,8.994695519339722e-05
4.2659602828269905e-06,4.747693025816805e-06
