dx,dz
0.5032042550822474,2.564135428120288
0.04405924783887264,0.23576372521142286
0.0076003628358027285,0.05545637130917047
0.0006813752958811215,0.004296192741406024
4.87014404861015e-06,3.0431571785172196e-05
2.398394724109911e-10,1.5051000445964746e-09
