dx,dz
3.5822545602228653,1.0
232.5413118940339,0.16061413603255348
1.6302522405213855,0.024491050573027813
0.9785657395507679,0.006853300982738386
0.4385475040792838,0.0078065092221781774
0.14085845119886786,0.0007829511113848614
0.01654761491198623,6.254230861162906e-05
0.0018081260224416201,5.557366815863646e-07
0.00024979815259444996,4.669581045315818e-09
4.664373822191156e-05,1.534542367134745e-10
8.767298270185776e-06,2.8275232676539412e-11
