dx,dz
1.3787895684336684,1.0
1.5323467578356254,0.20369730894892124
0.4313076434735739,0.17366001510015133
0.0841048210582835,0.05314457782979291
0.0038903130140796965,0.0007069812072578732
1.5357166766612556e-05,2.1833341511217193e-06
1.0957905825288673e-10,1.9890820177571683e-11
