dx,dz
4.972950986040117,5.674436164699491
0.9631276091682843,6.279978899167093
1.0729991961690493,4.028729754840326
1.2636219760383403,3.1764349365301268
0.8667486461328011,2.524149370508148
0.21374425103227077,1.1052879950618042
0.09581792429429124,0.42573774777479745
0.025225201867289153,0.12449675887463663
0.005155207094664961,0.01838883423094373
0.00014460187923073271,0.0004907880097357875
9.324917368418971e-08,3.1729141714009756e-07
9.852302487048831e-15,1.6764367671839864e-14
