dx,dz
1.1949552301395483,26.0695306724034
0.3099331848449723,7.4928595999964545
0.12711432811473422,2.411923243979804
0.032038594925796846,0.943601061161544
0.029894517327698364,0.3355717195829784
0.01622231386893389,0.09170368680288732
0.0032859919920169597,0.013387520545686815
0.000108847181942803,0.0004184431159304225
1.1401780174102517e-07,4.413991097074188e-07
1.5328843739683346e-13,4.4680925626039425e-13
