dx,dz
1.4056244195322747,1.0
1.4089160936236493,0.14206784143802137
0.5466889600429351,0.12642434527323076
0.025697357990350257,0.034987994040167524
0.004749455951833433,0.0021991105523809576
8.028005647078165e-05,2.33488209750767e-06
1.513397756279414e-07,5.013042012902481e-12
