dx,dz
2.835604029298399,1.0
0.6987826007972147,0.12088870435530501
0.3891102266213989,0.060682302656736235
0.1901757658459429,0.031850236262549764
0.23342614870255574,0.01660469744402634
0.1900920892534254,0.01831243866267604
0.0056160157267407616,0.008367750897807162
0.00036849084116726563,0.0006903825325076262
1.2210411040256019e-06,2.2869801821718077e-06
