dx,dz
1.5377381931862484,1.0
0.3999311508675419,0.5327197116833453
0.26231730892451965,0.6690785693135233
0.17719741433639485,6.637066909490744
0.5484528667151614,1.4333517826460376
0.24115900688021408,0.3354393516248109
0.05042891472613942,0.03170146554984176
0.0006961795963711593,0.00016813623989178197
7.387701527445725e-08,9.622169685222315e-08
