dx,dz
0.49364907668456076,2.564135428120288
0.04035600197580485,0.1254979850570379
0.00011873962412524259,0.00033325771758363487
8.815759072484291e-10,5.831513050225112e-09
