dx,dz
0.10360907543014422,2.564135428120288
0.029511369489311726,0.6819749237022029
0.007763889666293728,0.1805354056762408
0.002292894762388701,0.034037044164869495
0.00014268721262944314,0.001915737675659418
5.030480109187416e-07,6.801986438847996e-06
6.21975285968385e-12,8.527831218962945e-11
