dx,dz
0.7344858935881213,1.0
0.0356712423443014,0.1333616649926344
0.012877065561624119,0.03313355113200046
0.0005604539381525326,0.002551871897543316
1.7323203652075504e-06,9.784798390601563e-07
