dx,dz
0.8276806127646912,1.0
0.6392407369660615,0.40551292530580496
0.8859006511788268,0.03933131873072343
0.7335778226551108,0.05107926450824332
0.2280697500850109,0.049568164875240274
0.11771849471889814,0.01739041875818168
0.05974405301591829,0.01731198979215475
0.000743468330038343,0.009230154038715183
2.4729219272335364e-06,4.085446128204254e-05
