dx,dz
2.50191941449769,1.0
0.912211625121333,0.1718124647044308
0.8310471833125326,0.09362018677083656
0.031178949368774703,0.025522215977353765
0.0005174235464531024,0.002460269764069559
9.788829212935467e-08,1.1536004835959178e-06
