dx,dz
1.2727717880859064,1.0
0.5378881003258507,0.14158246894390245
0.534460144056629,0.058938629179403124
0.506328814164042,0.030586720961631644
0.02302487912577675,0.009525433666178246
0.0002482405803806392,0.00020057069622204512
5.662033146744591e-08,4.327257713139327e-08
