dx,dz
0.09747153297797446,0.6
0.0031361549395152112,0.021194540345244595
9.661295485345706e-06,7.812607588209008e-05
1.0996609123860549e-10,9.820998458920371e-10
