dx,dz
274.1734654498442,1.0
269.83717967373906,0.1781876752768355
55.67609663554375,0.10004520130989103
41.04243588837513,0.01668029674205831
15.596335678021724,0.0023321834628335734
8.184582192291776,0.0009081580904268014
2.6737671334066313,0.00015529241063785493
0.2556900309541746,2.0292666158272436e-05
0.003323000590702664,2.1302426021565698e-07
6.004974350299153e-08,4.951408212803906e-11
