dx,dz
<<<<<<< HEAD
0.18143547955231817,0.7744982842728662
0.08410370560567508,0.09988821838711467
0.00043381576927508693,0.0037442848693542974
1.5706267475836345e-06,1.5942377330213642e-06
4.579613206141359e-13,1.2572720642367585e-12
4.639202047485462e-15,1.887379141862766e-15
=======
0.3925727548125324,0.8909241363461674
0.08914456948794595,0.09991565963030168
0.0003313662042147697,0.0007034335362536698
2.4175254916855062e-08,5.6006733084590365e-08
2.8889272977710213e-15,8.867906409193438e-15
>>>>>>> refs/remotes/origin/TCSC+SVC+UPFC
