dx,dz
0.40385423814617716,2.564135428120288
0.14199547631764572,0.16519248494447236
0.0819096668419109,0.18584424312045744
0.0041288442599018175,0.010107845509795155
6.662827416055678e-05,0.00016366388361488404
3.777829856986333e-09,8.970224563142892e-09
