dx,dz
1.7209044380136687,1.0
1.1324672402900697,0.14202759788684932
0.11021919228979435,0.3714356149849783
0.04704111834962782,0.11924506598509042
0.003603135548946145,0.002804568012363195
2.5977401254466116e-06,5.434104920065553e-07
