,Solver,prec,EMA_V,EMA_T,EMA_total,Media Tempo total,Media Tempo iteçoes,Númeoro Médio de Iterações,Max itera,Numero Convs
0,Normal,1e-05,0.0008818012541158507,0.00018628676982076318,0.000534044011968307,0.01716650891304016,0.004282994151115417,3.0,3,1000
1,QR,1e-05,0.0008818012541158363,0.00018628676982076288,0.0005340440119682996,0.019751142740249635,0.004930137813091278,3.0,3,1000
2,Normal,1e-08,0.0008818021341045094,0.00018628730916796308,0.0005340447216362362,0.018446335315704346,0.004267546570301056,3.313,4,1000
3,QR,1e-08,0.0008818021628094609,0.00018628730695104305,0.0005340447348802519,0.01968649673461914,0.004914010763168335,3.0,3,1000
4,Lagran,0.0,0.0008818021628116614,0.00018628730695203984,0.0005340447348818506,0.004282897531986236,0.004282897531986236,3.0,3,1000
