dx,dz
1.9551196760464282,1.0
4.26284887041486,0.3206962102162137
11.381498904376501,0.17316867468850755
53.32514813383189,0.15398996443584312
666.1295889431545,0.1288649458418922
70221.57204128447,0.11219928668685199
671595014.3388815,0.10833703689505449
6.031724084488669e+16,0.10787220458290783
4.863629339052646e+32,0.10776496082455522
3.162314460168053e+64,0.10774857752231067
