dx,dz
0.7719761054351213,1.0
0.05913757175960917,0.12893323676575988
0.03697470264312156,0.09289606287571511
0.005332601408764505,0.020724944409267223
0.00012999339306964808,0.0003263877981446885
4.4861916045872295e-08,1.619532035273535e-07
3.5447436578548334e-13,5.35114298785943e-13
