dx,dz
1.059445707115525,1.0
0.2947348241369946,0.10889473620647758
0.3173248007758184,0.013829447909618365
0.45635435091801496,0.0016589526290531793
0.1595041731247149,0.00021701598365063459
0.3734516144727492,2.7170603991552498e-05
0.12772557185355962,3.729091615607962e-06
0.035480555039019444,5.855659154826902e-07
0.011326023267890109,8.440125015059904e-08
0.000732388916055661,4.91829101454369e-09
3.206257948294956e-06,6.9667220040196284e-12
1.2709665271345471e-11,1.2080722875788236e-16
