dx,dz
0.9775598380232141,1.0
0.7074255865078248,0.4992945847927495
0.5415690711378397,0.30651747173091803
0.24377231631857577,0.08370694973436399
0.019449139905542454,0.006932022250088112
0.010548946435884946,7.267017619363186e-05
0.0015404483390868047,4.04681263614425e-06
0.0005829148771890929,1.5659010132807253e-07
0.00012685082601840363,7.779998958867796e-09
3.769153621304359e-05,1.1653998221385158e-09
