dx,dz
1.6666729787811716,1.0
3.595486282056443,0.1528641643265266
3.5701524986192243,0.08362450399821021
0.34403673962726267,0.06995123501520097
0.06606194247616727,0.001570879423804971
0.0003474850132208015,1.627631562109985e-05
2.1219124551247414e-09,8.714997577406149e-11
