dx,dz
1.1789201226470567,1.0
0.48130094243952454,0.11085690550512692
0.4804064228504313,0.013146440975881309
0.6120396691121431,0.0018796666064335914
0.15635089195331436,0.0003819944175816568
0.04082780634877825,0.000721162215198193
0.2652237029953337,0.002358100848416707
0.03380509102536479,7.965009857167977e-05
0.00444852077576317,2.7027934506651598e-05
0.0001949509060322486,1.0189359406816826e-06
3.382455845285689e-07,1.7345088774909617e-09
8.272849252955147e-13,5.020642358422372e-15
