dx,dz
0.9602197918484702,1.0
0.45947778061194544,0.1103362846497992
0.1660056154473257,0.014375676556908586
0.06265081853081883,0.0020855556772058316
0.049592465977359744,0.0003925475177816443
0.01474326521645044,6.796955148934745e-05
0.000871085016515967,3.7488726042667175e-06
3.5659602077615648e-06,1.7239207316767804e-09
