dx,dz
1.0245983700928794,1.0
0.7458798265034811,0.10500978795304489
0.3790901759567898,0.01355664011705671
0.03331371457669449,0.0011459453774797098
0.022250535144823808,0.00039471865927439377
0.019486547836347037,0.00042034889801571736
0.017307275072525257,0.004970797425821074
0.05943105401689725,0.0021394392278376584
0.003712788099027364,8.098104900291651e-05
0.0001455333760548826,5.63166246751361e-06
4.841165900222673e-07,1.97558025683148e-08
7.615614880723438e-12,2.8089367980572193e-13
