dx,dz
113.05604967977891,1.0
10.548002924116325,0.03172330773139106
24.480315424241294,0.02009596276701633
12.16333683987294,0.0024110204020611273
2.915585091754027,0.0019418652709432957
0.19005603711698463,0.00022403910987962638
0.00631707461596971,3.127373440926702e-06
1.0590400066311478e-06,1.0756370332273883e-09
