dx,dz
93.33120104616357,1.0
37.30796985614058,0.0751642561356815
2.2769006511650773,0.0019106908050807502
2.3017326476974387,0.0008553612128833605
3.04300628976459,0.0004819709189606553
3.1802376661709664,0.00042327891028974383
5.098690894242229,0.0003947408064015984
1.0443951331154557,0.00028191150219029784
0.0070042810940411215,5.050271152329413e-06
4.21471333896823e-06,1.4335562797202381e-09
2.5846623388139463e-11,5.141450340966985e-15
