dx,dz
93.33142317129276,1.0
37.30777394273087,0.07400142338829806
2.276905345362934,0.0027554516818265903
2.3017208947033465,0.0012587883654303293
3.043001181435844,0.0007140995476703466
3.1802450666884097,0.0006259372520950246
5.098724831870833,0.0005814050284207201
1.0444172935708533,0.00041353140384513525
0.007004649439809715,7.39115010889456e-06
4.214980664867005e-06,2.0745985879812305e-09
