dx,dz
111.32930427705789,1.0
7.442172342559119,0.03358211923980029
6.863949582927855,0.004153125176314997
6.178885555695888,0.0032462012551907485
1.5216272030864535,0.0006368083642221644
2.0592850483367204,0.00028391510442318124
0.2654854915661056,0.0002338284603639437
0.001092691406179553,1.5779134228143768e-06
6.636093383768801e-07,2.576526835400977e-10
