dx,dz
1.0171051772627502,1.0
0.6995030713691519,0.10623837493439729
0.33965804838990427,0.01379770029805817
0.038947440780626855,0.0016257277099792898
0.04217109788725525,0.00015581780390813046
0.00321469611151362,0.0001336254384984684
0.0001479700366339095,6.188913828605923e-06
4.0509313645610827e-07,1.610174733610373e-08
4.3727977560110856e-12,1.6344700121247046e-13
