dx,dz
0.9802927960463808,1.0
0.5561705397102318,0.10860426671441006
0.2260150328339542,0.014107093895130717
0.05717398718025705,0.0019624557522497457
0.03525530186813257,0.00032399964360899786
0.005100193194654998,3.852171255211518e-05
0.0001831979029643792,1.0179194219629622e-06
1.2879388577510756e-07,2.014195082203673e-10
3.4594289859106266e-13,8.172586605148395e-16
