dx,dz
0.9602197946656496,1.0
0.4594777962524602,0.11033628427259248
0.1660056171798412,0.014375676570813744
0.06265082292495505,0.0020855556757157904
0.049592465730885084,0.00039254751719698243
0.014743265246605585,6.796955125843056e-05
0.0008710850089187885,3.748872605832952e-06
3.5659607006562693e-06,1.723920694704739e-09
4.589332988949048e-12,9.990241945108762e-15
