dx,dz
0.9974576540001294,1.0
0.6975760626537527,0.10443620734159494
0.33771805979170366,0.013364991699571178
0.039628737462437155,0.0008379361111344802
0.04201316427667886,0.0007637903873637653
0.09126413691860968,0.006095810383130479
0.0986467014176778,0.00042203984678651626
0.03315827513804304,0.00013258442371289308
0.003277244105760197,1.2959442659113717e-05
4.7586754253814524e-05,2.1589049307435893e-07
2.0355594824473032e-08,9.824742803072406e-11
