dx,dz
96.36153600806693,1.0
34.43380267565109,0.06310246717211528
1.8144193704122775,0.004687708924339854
1.488072740796439,0.002165804869970837
1.8320476362256655,0.0012029568425789268
3.3773080557201727,0.0008180092512955325
1.090514737103129,0.0007184057108990967
0.011584890354104798,1.6144687132871767e-05
1.543441956984202e-06,9.18388300248632e-09
3.976746461127244e-11,6.163197096736807e-15
