dx,dz
0.9802927992534782,1.0
0.5561705414825905,0.10860426641261003
0.22601503366624764,0.014107093880816603
0.05717398658947095,0.001962455752215382
0.03525530173807503,0.00032399964335740923
0.005100193190984871,3.8521712490535855e-05
0.0001831979261162529,1.0179194134974966e-06
1.287937803196198e-07,2.0141950570340224e-10
