dx,dz
1.017105185377935,1.0
0.6995030905256849,0.10623837444427245
0.3396580549004959,0.013797700312225186
0.038947441973011775,0.001625727698783761
0.042171097023554885,0.00015581780593234448
0.0032146960426755766,0.0001336254371268861
0.00014797004416999794,6.188913692452187e-06
4.0509363650183705e-07,1.6101746556926303e-08
