dx,dz
100.2970442830612,1.0
30.777627154320875,0.054496488252028984
1.97326915700678,0.004409380308405769
2.4321824759962754,0.0019866615283785343
2.6819248867507186,0.0013398319942472799
0.07912227350038932,0.00012175684738055622
0.0033787130050685565,1.0221995726651725e-06
9.792325721696405e-07,4.844018059272971e-10
7.533101624100986e-11,8.970373323099533e-15
