dx,dz
96.3615349865572,1.0
34.43380398627961,0.06310246926165101
1.8144195808416241,0.004687708924220514
1.488072637549778,0.0021658048896363554
1.8320476161906483,0.0012029568130768797
3.3773081735739363,0.0008180092332736714
1.0905149192353178,0.0007184058281136096
0.01158489281803883,1.6144694184870577e-05
1.5434480188708935e-06,9.183890702217988e-09
