dx,dz
1.1917333149562255,1.0
0.3859586321196388,0.10967747546253154
0.4501907585694398,0.014004333964083078
0.4652221898594868,0.0018860561953657267
0.3183200408215508,0.0004515998069855902
0.6542392124049878,0.00021159091339040647
0.06994369686144761,0.0005522204171935254
0.08042424933461102,0.00035401757338996537
0.051974933584121315,0.0002645110782797357
0.0018619686229372513,8.236814066651504e-05
6.138276454239673e-05,4.07708076707607e-06
1.0877859203379438e-07,7.826381518326723e-09
