dx,dz
100.29704428704707,1.0
30.777627169692806,0.05449648824567992
1.9732691611445459,0.004409380304270245
2.432182470849722,0.0019866615265671534
2.6819248883656783,0.001339831998275526
0.07912227868366783,0.00012175685407169567
0.00337871344014297,1.0221997481923142e-06
9.792329004126808e-07,4.844019198822874e-10
