dx,dz
1.0008826056685627,1.0
0.6384347685935939,0.10561245877419527
0.28736583575494573,0.014822209043972244
0.05079045407892772,0.0020825245802024946
0.03008996098745643,0.00025725632326415604
0.0033434425885072562,2.385797806899443e-05
5.781033703146093e-05,1.0731517705854144e-06
1.893142415406279e-08,5.644986160411549e-10
