dx,dz
1.0008817822147398,1.0
0.6384325932734095,0.10600017954528612
0.28736401081066665,0.01460229033724754
0.050790302357130335,0.0020120974213019577
0.030090328772530844,0.00024303178710469856
0.003343544799150579,2.329269353740873e-05
5.781420727812715e-05,1.0406570039977744e-06
1.8933995251825715e-08,5.467008424239889e-10
