dx,dz
1.1446545590536943,1.0
0.3585050364258577,0.11068967475615961
0.41018705208710216,0.014418305050851647
0.46009432421855817,0.0018712760298200347
0.47574263793224203,0.00045765372312081825
0.34434925757219265,7.370821458741355e-05
0.4101022089858303,2.8386376099048032e-05
0.2314978032320138,3.143015154142867e-05
0.17032412024590068,3.8472742258010244e-05
0.003528078259286703,1.1101678627315449e-05
4.305300836327104e-05,1.6803537112570824e-07
1.087805058441208e-08,6.938101480182032e-11
