dx,dz
3.882372375528195,1.0
1.7123292847060525,0.07700822920214376
1.168285746892455,0.009268281216766198
0.13288034543301197,0.00240125004335534
0.08063703108903762,0.0009595033379669123
0.012912893905838512,0.0003864638365948255
0.008406336103528412,0.0003526943610656545
0.07070874582765417,0.0005195335846658793
0.005566275967344166,2.1669158166803336e-05
0.00018406236605468282,6.236344321059225e-07
1.5014078037489728e-07,6.818310419886251e-10
1.3886856832869786e-12,4.319011607076167e-15
