dx,dz
2.8914217719297977,1.0
1.4352759401566355,0.14040497813562702
0.2625590112260135,0.06578750263154562
0.24037157283224064,0.03820578065037111
0.13106749210264654,0.020450829643421934
0.1316926104198661,0.011536332625969169
0.0024919082630808884,0.005652922492489839
3.84916399956046e-05,8.909198924178624e-05
2.3086342745160194e-08,6.811678843829583e-08
