dx,dz
10.701513265894455,1.0
16.788844269344462,0.14435420424668527
10.657917291316979,0.04516082091148745
20.313244172330442,0.026755209001256497
29.628673991645215,0.02465452892736165
20.474674281588637,0.011330468930408132
1.0076358015908757,0.000982782710498442
0.058870239446412106,3.8456872955154295e-05
2.476985528036422e-05,1.924391918243192e-08
6.442108609769705e-10,2.217678993630192e-13
