dx,dz
2.8467296807233677,1.0
1.3709522230117068,0.13487273454258367
0.43780518831043586,0.04445337734511891
0.30115670842118525,0.010799267236211206
0.06943846422872274,0.0033705680225321966
0.025483628028680337,0.0026843603537997267
0.005799120520381264,0.0005017543133713256
0.00032791585550753793,4.56848533424381e-05
1.8078959136068769e-06,2.2174374433038176e-07
5.2550004320131173e-11,6.075245540917472e-12
