dx,dz
0.06404479995771813,3.3910659784316213
0.016850646998019716,1.0245914679745507
0.009644814289693479,0.33396395041692806
0.0015345688583635073,0.04114778814352782
3.139476749776304e-05,0.0008105567114968792
1.3631301698798151e-08,3.5246613716566344e-07
