dx,dz
12299.979408612762,600.0246
80234.84355928954,126.7353178337787
74922.87686667808,5577.132642638379
2943.518166650159,228.59101738940902
78.06000449799532,8.394260487014398
57.563544111075615,4.614984079700737
17.039659826962367,5.313390269526385
5.874305225102802,1.0791322973381208
0.8753323073710055,0.6470675816339524
0.025363044319870513,0.03150563449857113
0.00025859722395980844,1.678663936033331e-05
2.359694633683652e-09,1.6541168434969222e-10
