dx,dz
0.10142383949797276,0.7065379655341042
0.031039809994242933,0.9793626976099654
0.008585014382849717,0.18281655618538117
0.0008785162368970309,0.015605840054489839
8.053241126011077e-06,0.0001404151474933002
6.493644381752794e-10,1.1315401948763792e-08
