dx,dz
0.16482120814341364,1.0
0.06776594681978013,0.039102714797666
0.0008972123711029592,0.0018413021871881508
1.271840721910862e-07,3.71813736662329e-07
1.0253893045527913e-14,1.8591488026448644e-14
