dx,dz
2.3118214678005655,1.0
0.6372632984424446,0.05908478139509907
1.2488795585003156,0.01535957606937519
0.7995732954285876,0.002097452415448572
0.12464029122331781,0.00041434649533515555
0.05177443880195411,7.68897065841692e-05
0.02320147787529335,2.1069229737109213e-05
0.0005464463264573606,5.604366729070776e-07
1.3369264213342225e-07,4.630668409679648e-10
1.8364496268321972e-13,9.231150112140863e-18
