dx,dz
2.862162979352158,1.0
2.111084908295846,0.11020533537646177
1.5384829487030898,0.14530314215248633
3.2295795188747247,0.11045675619142363
0.8419981028089402,0.11098779075059266
0.021287008589942386,0.005812415633366
0.0003576507566424196,1.5315635460297038e-05
7.521397672190968e-09,5.333459677727507e-10
