dx,dz
6.20059570859626,0.7065379655341042
1.0445113162226096,0.7682430219629097
0.3807916747798608,0.04893825935492835
0.004201396001024718,0.0007417964061877669
1.0418587774228107e-06,1.2905860735656915e-07
9.705016992859973e-13,8.007483565108942e-15
