dx,dz
2.550398238549218,1.0
1.7962288754206632,0.058083161290555324
2.418438593716943,0.004420747799118541
1.5815485792604569,0.0012800611836599073
1.5492280635079485,0.0001510065978972378
0.6524947257013199,8.237265556519039e-05
0.5198204939333247,2.3976017366470067e-05
0.02709548374937364,1.0354438483805503e-05
8.147643781917152e-05,2.0298122422715547e-07
3.838778921715822e-09,6.964272708264028e-12
