dx,dz
36.20403117691588,3.3910659784316213
9.719045836860081,0.8031288210652878
1.3214280532307094,0.15757727843513702
0.026498817263093326,0.011446892290859267
1.6875225627649163e-05,1.8297056486815677e-05
9.930095096477964e-11,1.8599344286940322e-11
