dx,dz
1.6528233790457572,1.0
0.1818517197637846,0.0483595864316195
0.003498434653513822,0.0017237215072205747
1.6053973297062712e-06,8.388587919931464e-07
2.1706772110730324e-13,1.8896232301976384e-14
