dx,dz
59101.84572748767,600.0246
24149.518269549117,25690.68732656926
33368.78237752542,6859.967288884521
11484.616550108625,1323.0194079570338
123.76890969258214,11.785028477104081
5.303607014191529,2.735640049427836
0.3868933533228335,0.6098669541810269
0.26318060291218504,0.028196635117306634
0.004269855537880037,0.0002492807920617679
9.946894216369074e-08,7.29144806754789e-08
