,Solver,prec,EMA_V,EMA_T,EMA_X,EMA_total,Media Tempo total,Media Tempo iteçoes,Númeoro Médio de Iterações,Max itera,Numero Convs,Namos
0,A,5,0.002909076505935273,0.009604586054323414,0.05179456106368832,0.02143607454131567,0.32962077206904344,0.020023713734655252,14.158415841584159,21,101,102
1,B,5,0.0011660497780718647,0.003567669583330718,0.017889614380069824,0.007541111247157469,0.4806607268577398,0.021790425752602986,19.86046511627907,28,43,501
