,Solver,prec,EMA_V,EMA_T,EMA_X,EMA_total,Media Tempo total,Media Tempo iteçoes,Númeoro Médio de Iterações,Max itera,Numero Convs,N iter
0,A,5,0.002856490987402133,0.009508865658628995,0.05140071107522573,0.02125535590708562,0.3979842853546143,0.019997262483789052,17.51,25,100,100
1,B,5,0.000720689998940044,0.0006290202795105529,0.0017835793501853833,0.0010444298762119933,0.3496575355529785,0.02158834139506022,28.0,28,2,501
