,Solver,prec,EMA_V,EMA_T,EMA_X,EMA_total,Media Tempo total,Media Tempo iteçoes,Númeoro Médio de Iterações,Max itera,Numero Convs,N iter
0,A,20,0.00037596479745267075,0.00066465873955318,0.0013548685410272798,0.0007984973593443769,0.20218807458877563,0.01933599267162458,8.11,11,100,100
1,B,20,0.000370344886900263,0.0006783020064242945,0.0014047854542450105,0.0008178107825231893,0.25396363735198973,0.019372487602229652,21.54,28,100,109
