,Solver,prec,EMA_V,EMA_T,EMA_X,EMA_total,Media Tempo total,Media Tempo iteçoes,Númeoro Médio de Iterações,Max itera,Numero Convs,Namos
0,A,15,0.00033335277876493224,0.0006592658432315293,0.001374843117345818,0.0007891539131140932,1.419606591215228,0.15642446946951646,7.099009900990099,8,101,101
1,B,15,0.00033072781779138686,0.0006929445661001467,0.001389672093229034,0.0008044481590401891,1.4891772506260637,0.11288313987704769,10.821782178217822,18,101,122
