,Solver,prec,EMA_V,EMA_T,EMA_X,EMA_total,Media Tempo total,Media Tempo iteçoes,Númeoro Médio de Iterações,Max itera,Numero Convs,Namos
0,A,20,0.0003682699035464578,0.0006497522489083882,0.0013806350687119576,0.0007995524070556013,0.9251990625173738,0.1003191976103023,7.198019801980198,11,101,101
1,B,20,0.00036402373444028706,0.0006499278306902006,0.0013868191672063276,0.0008002569107789384,0.953463385803531,0.07676262971976877,10.121212121212121,15,99,101
