,Solver,prec,EMA_V,EMA_T,EMA_X,EMA_total,Media Tempo total,Media Tempo iteçoes,Númeoro Médio de Iterações,Max itera,Numero Convs,Namos
0,A,15,0.00038446903364256277,0.0006682015569102646,0.0015192846727754474,0.0008573184211094249,1.076147188054453,0.08713735172179418,10.217821782178218,14,101,120
1,B,15,0.0004161193044781925,0.0006401398532581067,0.001478802635843225,0.0008450205978598413,0.8481037758364536,0.06645149399634345,10.386138613861386,14,101,141
