,Solver,prec,EMA_V,EMA_T,EMA_X,EMA_total,Media Tempo total,Media Tempo iteçoes,Númeoro Médio de Iterações,Max itera,Numero Convs,Namos
0,A,20,0.0011185334985587623,0.0004291941977404565,0.0004757135825906519,0.0006744804262966236,0.023509724305407837,0.003556716953567153,5.0,5,101,101
1,B,20,0.001118533490947139,0.0004291942020153404,0.00047571359375820835,0.0006744804289068959,0.026768016343069547,0.003619967907568803,5.772277227722772,6,101,101
