,Solver,prec,EMA_V,EMA_T,EMA_X,EMA_total,Media Tempo total,Media Tempo iteçoes,Númeoro Médio de Iterações,Max itera,Numero Convs,Namos
<<<<<<< HEAD
0,A,5,0.0009904569535670606,0.00044710038511456976,0.0008038542360027766,0.000747137191561469,0.030266053605787824,0.003507715443966806,7.00990099009901,8,101,101
1,B,5,0.00099045715431114,0.00044709976774187307,0.0008038532843767989,0.0007471367354766039,0.05406278666883412,0.003941396714398215,12.148514851485148,13,101,101
=======
0,A,5,,,,,,,,,0,201
1,B,5,,,,,,,,,0,201
>>>>>>> refs/remotes/origin/TCSC
