,Solver,prec,EMA_V,EMA_T,EMA_X,EMA_total,Media Tempo total,Media Tempo iteçoes,Númeoro Médio de Iterações,Max itera,Numero Convs,Namos
0,A,10,0.0009393180885548619,0.00039646526953433147,0.0006248337542002605,0.0006535390374298179,0.023169847998288598,0.003491546848032734,5.0,5,101,101
1,B,10,0.0009393180514962315,0.00039646525065680237,0.0006248335767990828,0.0006535389596507055,0.03296133551267114,0.003664938829875527,7.366336633663367,8,101,101
