,Solver,prec,EMA_V,EMA_T,EMA_X,EMA_total,Media Tempo total,Media Tempo iteçoes,Númeoro Médio de Iterações,Max itera,Numero Convs,Namos
0,A,5,0.0009595907315136524,0.00044842570853949147,0.0007771240963104252,0.0007283801787878563,0.02709606142327337,0.004539534243026582,3.9207920792079207,4,101,101
1,B,5,0.0009595906923696915,0.00044842570549099247,0.0007771239769798916,0.0007283801249468586,0.028738536457023997,0.003964719745360811,5.01980198019802,6,101,101
