,Solver,prec,EMA_V,EMA_T,EMA_X,EMA_total,Media Tempo total,Media Tempo iteçoes,Númeoro Médio de Iterações,Max itera,Numero Convs,N iter
0,A,15,0.0003709649552935966,0.0006252867898705186,0.0014406113236684894,0.0008122876896108682,0.19808911323547362,0.018950223618083527,8.09,9,100,100
1,B,15,0.0003727928062618819,0.0006325886995344832,0.0015058631239699435,0.0008370815432554362,0.2672149419784546,0.019524037296082077,22.7,28,100,132
