,Solver,prec,EMA_V,EMA_T,EMA_X,EMA_total,Media Tempo total,Media Tempo iteçoes,Númeoro Médio de Iterações,Max itera,Numero Convs
0,A,5,0.0028386435057150983,0.009473808606173651,0.05119643362152111,0.021169628577803287,0.45101235987065913,0.023357402785335022,16.967032967032967,19.0,91.0
1,B,5,,,,,,,,,0.0
