,Solver,prec,EMA_V,EMA_T,EMA_X,EMA_total,Media Tempo total,Media Tempo iteçoes,Númeoro Médio de Iterações,Max itera,Numero Convs,Namos
0,A,5,0.00038904081790236997,0.5236061013904401,0.0014279546936969312,0.1751410323006798,0.5825867109959668,0.05522863410069758,8.891089108910892,10.0,101,101
1,B,5,,,,,,,,,0,201
