,Solver,prec,EMA_V,EMA_T,EMA_X,EMA_total,Media Tempo total,Media Tempo iteçoes,Númeoro Médio de Iterações,Max itera,Numero Convs,N iter
0,A,10,0.00035590950654601494,0.0006467189816058947,0.0014066497102620615,0.000803092732804657,0.29303373098373414,0.020234478520441922,12.11,22,100,101
1,B,10,0.0003697598491082707,0.0006635189629857114,0.0014861797556575257,0.0008398195225838359,0.26131164201415413,0.019338080145240723,22.257425742574256,28,101,159
