,Solver,prec,EMA_V,EMA_T,EMA_X,EMA_total,Media Tempo total,Media Tempo iteçoes,Númeoro Médio de Iterações,Max itera,Numero Convs,Namos
<<<<<<< HEAD
0,A,5,0.0003684700124684112,0.5235655539886769,0.0016223623108207088,0.17518546210398867,0.5684354423296334,0.05510374262933662,8.613861386138614,14,101,101
1,B,5,0.00036846991053351036,0.5235655539358769,0.0016223627997321811,0.17518546221538087,0.8516667479335671,0.05985386096071039,12.574257425742575,15,101,101
=======
0,A,5,,,,,,,,,0,201
1,B,5,,,,,,,,,0,201
>>>>>>> refs/remotes/origin/TCSC
