,Solver,prec,EMA_V,EMA_T,EMA_X,EMA_total,Media Tempo total,Media Tempo iteçoes,Númeoro Médio de Iterações,Max itera,Numero Convs,Namos
0,A,15,0.001041683109224769,0.00037728894718562733,0.0005206187923106886,0.0006465302829070283,0.024738243310758384,0.003740333881315225,5.0,5,101,101
1,B,15,0.0010416831186825935,0.0003772889551498991,0.0005206188417417191,0.0006465303051914039,0.028390745125194586,0.0037078142081831272,6.00990099009901,7,101,101
