dx,dz
92.47561022513325,1.0
60.61481215526018,0.16726561597008743
85.07020724062532,0.08341784341517089
12.925840650026064,0.03224098932648651
10.129470379764614,0.01621326865725359
5.9839100689873455,0.000913351040617991
9.767273963738655,0.000264526099491236
3.1061399776183496,0.0002903122647641828
0.8027831228263995,3.681667926678078e-05
0.004137967058086685,1.2399021160342286e-06
