dx,dz
50.29827738849855,1.0
52.26647752842622,0.16718744739402794
19.13727273691847,0.1013285034980871
38.30611109798138,0.04991209544529433
23.961978489355193,0.0029115359406535406
9.709935078805943,0.0008998787886026314
4.0417397242871145,0.0003886839206468825
0.3783475251515269,4.309196551190916e-05
0.001811790424985415,4.5234599147260093e-07
3.124649490079636e-07,2.8318583519286787e-11
