dx,dz
3.6636615410041884,1.0
3.825060188952877,0.1671668235686122
0.9871569861458606,0.10383421988013457
0.06323004413439487,0.017893814793374485
0.03644405867211163,9.733824104693103e-05
0.0022950430186576705,1.917063871180809e-05
6.162753292970724e-05,4.336284274836388e-07
3.8942541317004743e-08,2.7165011203317335e-10
