dx,dz
3.6615074441693842,1.0
3.8353834927125723,0.16712037290702875
0.996958264983823,0.10381648720644754
0.06105083121329935,0.01757743569809707
0.02346744107378687,0.00014915433223641733
0.0018072479975188816,2.5848007242702793e-05
5.728941367858319e-05,5.546208843335895e-07
4.014987734391951e-08,4.202922884734695e-10
