dx,dz
3.6615073444906003,1.0
3.8353839407636,0.16712037305784558
0.996958211744597,0.10381650319393826
0.06105081957770336,0.017577431883256823
0.023467428046431385,0.00014915429348491292
0.0018072471695709392,2.58479916595631e-05
5.728934121298142e-05,5.546201948394338e-07
4.0150124685626914e-08,4.202911624192311e-10
