dx,dz
3.6636620609259127,1.0
3.8250590732053427,0.16715462047845833
0.9871556663276404,0.10382546288082568
0.06322998037204541,0.017892143890824008
0.03644409591226656,9.732967988107398e-05
0.0022950398379472134,1.9168762481708828e-05
6.162728702850198e-05,4.335855036140249e-07
3.8941912353645504e-08,2.716221573013391e-10
