dx,dz
50.298250009522036,1.0
52.26673001816717,0.16717517897884415
19.137522295854637,0.10132077843801048
38.30651294488507,0.04990832619028064
23.96242549716876,0.0029112951063230883
9.710488869867444,0.0008998222765460437
4.0420327347051765,0.00038867849316440015
0.37838741167766876,4.3091716334674044e-05
0.0018119833713595122,4.5236827828117806e-07
3.126116598082481e-07,2.8322302334664432e-11
