dx,dz
92.47469096272286,1.0
60.61563722470825,0.16726561877543925
85.0557974509223,0.0834183490259774
13.026734039552341,0.03224151454240397
10.309730640503334,0.01621398870000963
5.909523344712331,0.0009544187313025278
9.622829972725048,0.000259379222203456
3.0004860559394957,0.0002854185846868858
0.7640546497209072,3.409067715655735e-05
0.003784212475827843,1.1546368152843303e-06
1.211056158739011e-06,1.1196938158817921e-10
