dx,dz
3.6244355862415274,1.0
1.9297074040252138,0.1673728582839607
2.3459731852870678,0.08693167697265432
0.33349411699667336,0.029908260097466974
0.04114633574449443,0.0010907584009271544
0.014075566032153538,7.607598959465505e-05
0.0016473373494352427,4.812226879041519e-06
2.234588450449083e-05,5.267230668750098e-08
4.21951171281467e-09,9.823961692764151e-12
