dx,dz
3.615388285926171,1.0
3.8755375525664313,0.16619265386739696
0.3975059383093778,0.10175161298369086
0.5967387943213285,0.06376263403600035
0.2541190496041692,0.010076085049793262
0.10464778948220813,0.002111687326501755
0.027409804560872858,0.0004895154672824115
0.008386168397678103,8.680969821676388e-05
0.0006029569652927373,6.31098331925199e-06
4.177329410141254e-06,4.474647035274453e-08
2.1764405124230837e-10,2.3188263003398117e-12
