dx,dz
3.615389082775858,1.0
3.8755230048433766,0.1661927299221761
0.39751359785231627,0.10174952796238156
0.5970083314895643,0.06375404710856172
0.25685907355895926,0.010072705272911438
0.10675348314338155,0.0021112943923935596
0.028010250694008896,0.0004900546427357979
0.008727956852017492,8.686054455000739e-05
0.0006146132487121361,6.310813822856511e-06
4.178449985119197e-06,4.471726067672661e-08
