dx,dz
3.6540057501287926,1.0
1.9078316157860462,0.4917307449006669
2.424897759045775,0.15637636941265765
0.3438319344113192,0.041162180116289145
0.05502893628138262,0.041777364924082155
0.010713066147735394,0.008542422928080466
0.008666171539471808,0.0019307120047858952
0.006786303244348767,0.0004277937284039158
0.002382412464035698,7.324735455876986e-05
0.00019280204214017286,4.9527351465898384e-06
1.1320309760906084e-06,2.9121329360881318e-08
