,Solver,prec,EMA_V,EMA_T,EMA_total,Media Tempo total,Media Tempo iteçoes,Númeoro Médio de Iterações,Max itera,Numero Convs
0,Normal,0.8,0.0004054357670860387,0.0007381577343297489,0.0005717967507078938,0.07406717300415039,0.0145433562596639,4.09,5,100
1,QR,0.8,0.0004054357670859436,0.0007381577343293222,0.0005717967507076328,0.09327493906021118,0.018315256039301557,4.09,5,100
2,Lagran,0.8,0.00040543559362299006,0.0007381576745669076,0.0005717966340949488,0.07344321250915527,0.014414965073267621,4.09,5,100
