,Solver,prec,EMA_V,EMA_T,EMA_total,Media Tempo total,Media Tempo iteçoes,Númeoro Médio de Iterações,Max itera,Numero Convs
0,Normal,0.8,0.00041260274910568447,0.0007685400742884235,0.000590571411697054,0.07744432687759399,0.015017422755559286,4.16,5,100
1,QR,0.8,0.00041260274910578975,0.0007685400742881122,0.000590571411696951,0.09808722972869872,0.019008407274881997,4.16,5,100
2,Lagran,0.8,0.00041260226549810216,0.0007685398177601889,0.0005905710416291456,0.07650940895080566,0.01482744518915812,4.16,5,100
