,Solver,prec,EMA_V,EMA_T,EMA_total,Media Tempo total,Media Tempo iteçoes,Númeoro Médio de Iterações,Max itera,Numero Convs
0,Normal,0.0,0.0004653245682754171,0.0007301996642231901,0.0005977621162493035,0.07500701665878295,0.014695602019627892,4.1,5,100
1,QR,0.0,0.0004653245682756187,0.0007301996642228664,0.0005977621162492426,0.09802799463272095,0.01921401866277059,4.1,5,100
2,Lagran,0.0,0.00046532474341943385,0.0007301997946124672,0.0005977622690159505,0.07411279916763305,0.014521456877390544,4.1,5,100
