,Solver,prec,EMA_V,EMA_T,EMA_total,Media Tempo total,Media Tempo iteçoes,Númeoro Médio de Iterações,Max itera,Numero Convs
0,Normal,0.15,0.0004160211318240544,0.0007837268391262449,0.0005998739854751497,0.07646941661834716,0.014839604854583742,4.15,5,100
1,QR,0.15,0.000416021131823758,0.0007837268391265642,0.0005998739854751611,0.09926456928253174,0.01926550594965617,4.15,5,100
2,Lagran,0.15,0.0004160213933007387,0.0007837267695025858,0.0005998740814016622,0.07583609342575073,0.014716221729914348,4.15,5,100
