,Solver,prec,EMA_V,EMA_T,EMA_total,Media Tempo total,Media Tempo iteçoes,Númeoro Médio de Iterações,Max itera,Numero Convs
0,Normal,0.8,0.0004571830803494266,0.0007474317396847098,0.0006023074100170682,0.07470992803573609,0.01461232789357503,4.11,5,100
1,QR,0.8,0.00045718308034955026,0.0007474317396846584,0.0006023074100171043,0.0957088279724121,0.01872035026550293,4.11,5,100
2,Lagran,0.8,0.0004571831351055281,0.0007474318440555031,0.0006023074895805156,0.07428358078002929,0.014525344769159954,4.11,5,100
