,Solver,prec,EMA_V,EMA_T,EMA_total,Media Tempo total,Media Tempo iteçoes,Númeoro Médio de Iterações,Max itera,Numero Convs
0,Normal,0.25,0.00043281594467779174,0.0007886064540455886,0.0006107111993616902,0.075448317527771,0.01475429924329122,4.11,5,100
1,QR,0.25,0.00043281594467786184,0.0007886064540460981,0.0006107111993619799,0.09841875553131103,0.019256388266881308,4.11,5,100
2,Lagran,0.25,0.00043281597800726753,0.0007886064504552975,0.0006107112142312826,0.07520900964736939,0.014712170441945394,4.11,5,100
