,Solver,prec,EMA_V,EMA_T,EMA_total,Media Tempo total,Media Tempo iteçoes,Númeoro Médio de Iterações,Max itera,Numero Convs
0,Normal,0.05,0.0004371062417181215,0.0007417673401410265,0.000589436790929574,0.07584305047988892,0.014716581503550213,4.15,5,100
1,QR,0.05,0.0004371062417181604,0.0007417673401414117,0.0005894367909297861,0.09776151418685913,0.018977154493331906,4.15,5,100
2,Lagran,0.05,0.000437106110861576,0.0007417673905629361,0.0005894367507122561,0.07504611253738404,0.014565640290578209,4.15,5,100
