,Solver,prec,EMA_V,EMA_T,EMA_total,Media Tempo total,Media Tempo iteçoes,Númeoro Médio de Iterações,Max itera,Numero Convs
0,Normal,1e-05,0.00043167231622163847,0.0007408775636650748,0.0005862749399433567,0.07747611236572266,0.015088876247406006,4.13,5,1000
1,QR,1e-05,0.0004316723162216511,0.0007408775636650815,0.0005862749399433663,0.09877750277519226,0.01924154063065847,4.13,5,1000
2,Normal,1e-08,0.0004316722758962153,0.0007408777427516443,0.0005862750093239298,0.11869929480552674,0.01503250985076761,6.892,14,1000
3,QR,1e-08,0.0004316722602189772,0.0007408775632586764,0.0005862749117388268,0.09899391961097717,0.019286402368545535,4.13,5,1000
4,Lagran,0.0,0.00043167226020930215,0.0007408775632690151,0.0005862749117391587,0.014978323403994243,0.014978323403994243,4.13,5,1000
