,Solver,prec,EMA_V,EMA_T,EMA_total,Media Tempo total,Media Tempo iteçoes,Númeoro Médio de Iterações,Max itera,Numero Convs
0,Normal,0.3,0.0004092207015042762,0.0007718873268095125,0.0005905540141568943,0.0778022837638855,0.0151059566338857,4.15,5,100
1,QR,0.3,0.00040922070150406747,0.0007718873268091561,0.0005905540141566117,0.10003798484802245,0.019429126421610515,4.15,5,100
2,Lagran,0.3,0.0004092207504333506,0.0007718874965299458,0.0005905541234816482,0.07698672294616699,0.014946351687113446,4.15,5,100
