,Solver,prec,EMA_V,EMA_T,EMA_total,Media Tempo total,Media Tempo iteçoes,Númeoro Médio de Iterações,Max itera,Numero Convs
0,Normal,0.2,0.0004247713195322597,0.0007101337527237273,0.0005674525361279935,0.07781625509262086,0.015120670874913533,4.14,5,100
1,QR,0.2,0.00042477131953214196,0.000710133752724016,0.000567452536128079,0.09822017669677735,0.01910225828488668,4.14,5,100
2,Lagran,0.2,0.0004247713424948551,0.0007101337627783426,0.0005674525526365989,0.07642035722732544,0.014864636023839313,4.14,5,100
