dx,dz
5.419198981198205,1.0
70.11691060567018,0.11300267082002956
210.36362030628422,0.08790379781486507
940.9021108127747,0.08776150682808355
4585.9629720187795,0.0877260406043528
26088.148561603575,0.08771718830701797
98508.5248392528,0.08771497925614279
411755.65667366417,0.08771470209036186
