dx,dz
92.2717635124417,1.0
476.2572028363347,0.13794494710036262
691.0061251219604,0.7353535884859005
1098.4432536102238,1.05287749125031
3237.4803420919525,0.26736341700176497
3335.200003890563,0.18976317211482768
3335.211771488792,0.18976317211485697
3335.2246683808867,0.18976317211485208
3335.2103700538705,0.18976317211484175
3335.218924264435,0.18976317211484717
