dx,dz
5.765493563082602,1.0
76.01036784211577,0.2161147469549742
19799.666693686144,0.09387897213010228
419092530.2327071,0.03431520198718878
150814155522382.66,0.025653800750904916
1.0439165639333913e+25,0.02565110797626744
2.5115959790795444e+46,0.025649769466206417
7.269574553172547e+88,0.025649105449274796
