dx,dz
5.765493563082602,1.0
12.52566959186809,0.12168254482942978
23.698231250315885,0.0626926642301366
21.66415009037778,0.034994291385275066
23.834275130968763,0.0312969990611074
27.46816715091775,0.034556831444332026
27.56750866185889,0.0415261057745488
27.567512630402092,0.04152610577454369
