dx,dz
5.419198981198205,1.0
5.000277688672477,0.11325133125091237
5.376690541863218,0.08728656051827786
7.84286312780034,0.0778577311063446
6.060654452685974,0.07057385259914589
7.783109413272683,0.06820925620117692
10.456727864552041,0.06737960304073833
7.5538840205388755,0.06960984508752256
