dx,dz
2.859131544668305,1.0
0.6807792317002074,0.11852959082832897
0.3718764890420346,0.058966315738404294
0.18028390132817837,0.029850629263158786
0.15706935168410427,0.0150639766954452
0.14051624698689605,0.007551875016297647
0.004820321911741695,0.0005719907335664805
0.00012365216982993755,1.743819734384397e-05
7.471148379773418e-08,1.1741965085489737e-08
