dx,dz
3.8823724479107566,1.0
1.712329503447944,0.07700822884645538
1.1682858641884197,0.009268281680229985
0.13288048044275189,0.0024012485544278434
0.08063751681436257,0.0009594914235584813
0.012912822510728702,0.00038646616896286927
0.008406290361223614,0.0003526982878988331
0.07070886369346996,0.000519591958534195
0.005566596971644426,2.167215490392831e-05
0.0001840828162774026,6.236561499310569e-07
