dx,dz
5.328922445916961,1.0
12.273034941751266,0.118514858315933
13.016475610508655,0.059700723177917144
20.614252316986605,0.03432793242095964
10.339266601226155,0.026028718076058506
7.666305849273293,0.01432639157866232
8.334758435314118,0.01307469796052135
8.079599330774778,0.014911184919609804
6.460054869083983,0.017629478797056997
6.460055669710242,0.017629478797056713
